{"predictions": {"/Users/ezhou/code/calorify/static/uploaded_images/burger.jpeg": ["lettuce", "tomato", "hamburger", "bun", "bread", "mayonnaise", "cheese", "ketchup", "sandwich", "cheddar"], "/Users/ezhou/code/calorify/static/uploaded_images/food.jpg": ["sauce", "spaghetti", "pasta", "basil", "vegetable", "tomato", "meat", "macaroni"]}, "foods_nutrition": {"lettuce": {"ENERC_KCAL": 13.0, "PROCNT": 1.35, "FAT": 0.22, "CHOCDF": 2.23, "FIBTG": 1.1}, "tomato": {"ENERC_KCAL": 18.0, "PROCNT": 0.88, "FAT": 0.2, "CHOCDF": 3.89, "FIBTG": 1.2}, "hamburger": {"ENERC_KCAL": 232.0, "PROCNT": 24.62, "FAT": 14.02, "CHOCDF": 0.0, "FIBTG": 0.0}, "bun": {"ENERC_KCAL": 278.0, "PROCNT": 9.87, "FAT": 3.76, "CHOCDF": 50.15, "FIBTG": 2.1}, "bread": {"ENERC_KCAL": 267.0, "PROCNT": 10.72, "FAT": 3.24, "CHOCDF": 48.68, "FIBTG": 4.0}, "mayonnaise": {"ENERC_KCAL": 692.0, "PROCNT": 0.0, "FAT": 77.0, "CHOCDF": 0.0, "FIBTG": 0.0}, "cheese": {"ENERC_KCAL": 406.0, "PROCNT": 24.04, "FAT": 33.82, "CHOCDF": 1.33, "FIBTG": 0.0}, "ketchup": {"ENERC_KCAL": 101.0, "PROCNT": 1.04, "FAT": 0.1, "CHOCDF": 27.4, "FIBTG": 0.3}, "sandwich": {"ENERC_KCAL": 273.0, "PROCNT": 10.43, "FAT": 13.21, "CHOCDF": 27.97, "FIBTG": 1.3}, "cheddar": {"ENERC_KCAL": 406.0, "PROCNT": 24.04, "FAT": 33.82, "CHOCDF": 1.33, "FIBTG": 0.0}, "sauce": {"ENERC_KCAL": 438.0, "PROCNT": 7.68, "FAT": 18.33, "CHOCDF": 60.52, "FIBTG": 1.0}, "spaghetti": {"ENERC_KCAL": 371.0, "PROCNT": 13.04, "FAT": 1.51, "CHOCDF": 74.67, "FIBTG": 3.2}, "pasta": {"ENERC_KCAL": 371.0, "PROCNT": 13.04, "FAT": 1.51, "CHOCDF": 74.67, "FIBTG": 3.2}, "basil": {"ENERC_KCAL": 23.0, "PROCNT": 3.15, "FAT": 0.64, "CHOCDF": 2.65, "FIBTG": 1.6}, "vegetable": {"ENERC_KCAL": 72.0, "PROCNT": 3.33, "FAT": 0.52, "CHOCDF": 13.47, "FIBTG": 4.0}, "meat": {"ENERC_KCAL": 130.0, "PROCNT": 21.64, "FAT": 4.81, "CHOCDF": 0.12, "FIBTG": 0.0}, "macaroni": {"ENERC_KCAL": 371.0, "PROCNT": 13.04, "FAT": 1.51, "CHOCDF": 74.67, "FIBTG": 3.2}}}